Humidity,Temperature,Step count,Stress Level
31.995,90.33,12300,1
32.115,90.41,9300,1
40.68,96.12,19600,2
41.46,96.64,17700,2
16.305,79.87,8700,0
16.965,80.31,4000,0
27.24,87.16,8800,1
42.3,97.2,16200,2
21.375,83.25,6100,0
39.195,95.13,16800,2
35.415,92.61,20000,2
29.055,88.37,11700,1
43.62,98.08,17900,2
26.745,86.83,5500,1
42.09,97.06,14800,2
29.145,88.43,12300,1
40.275,95.85,16900,2
39.765,95.51,13500,2
44.235,98.49,14900,2
31.41,89.94,12200,1
42.9,97.6,13100,2
27.93,87.62,4300,1
21.645,83.43,7900,0
40.035,95.69,15300,2
23.505,84.67,2100,1
39.945,95.63,14700,2
26.37,86.58,3000,1
32.295,90.53,10500,1
31.485,89.99,12700,1
35.91,92.94,16200,2
28.59,88.06,8700,1
38.19,94.46,17200,2
43.785,98.19,19000,2
43.095,97.73,14400,2
32.535,90.69,12100,1
35.49,92.66,13400,2
29.265,88.51,9300,1
22.26,83.84,2900,0
23.01,84.34,7900,1
31.14,89.76,10400,1
42.12,97.08,15000,2
21.345,83.23,5900,0
30,89,10400,1
19.695,82.13,4000,0
32.94,90.96,11000,1
37.26,93.84,18100,2
22.71,84.14,5900,1
20.835,82.89,2500,0
32.655,90.77,12900,1
30.645,89.43,10900,1
37.23,93.82,17900,2
35.835,92.89,15700,2
19.59,82.06,3300,0
29.91,88.94,9800,1
36.09,93.06,17400,2
29.34,88.56,9800,1
26.085,86.39,1100,1
19.545,82.03,3000,0
32.7,90.8,9400,1
34.86,92.24,16300,2
18.39,81.26,4400,0
27.555,87.37,1800,1
35.19,92.46,18500,2
30.075,89.05,10900,1
28.605,88.07,8800,1
36.78,93.52,14900,2
32.505,90.67,11900,1
18.09,81.06,2400,0
32.79,90.86,10000,1
34.635,92.09,14800,2
38.61,94.74,20000,2
33.945,91.63,10900,1
31.68,90.12,10200,1
38.205,94.47,17300,2
35.34,92.56,19500,2
31.5,90,12800,1
38.715,94.81,13600,2
38.64,94.76,13100,2
33.99,91.66,11200,1
40.17,95.78,16200,2
34.155,91.77,12300,1
30.99,89.66,9400,1
25.125,85.75,3800,1
40.305,95.87,17100,2
41.76,96.84,19700,2
38.01,94.34,16000,2
19.185,81.79,600,0
41.88,96.92,13400,2
16.995,80.33,4200,0
24.705,85.47,1000,1
44.61,98.74,17400,2
31.335,89.89,11700,1
41.94,96.96,13800,2
36.795,93.53,15000,2
42.66,97.44,18600,2
17.835,80.89,700,0
38.835,94.89,14400,2
44.25,98.5,15000,2
32.07,90.38,12800,1
21.27,83.18,5400,0
28.5,88,8100,1
43.02,97.68,13900,2
18.81,81.54,7200,0
31.89,90.26,11600,1
17.655,80.77,8600,0
30.66,89.44,11000,1
33.885,91.59,10500,1
15.465,79.31,3100,0
15.9,79.6,6000,0
26.25,86.5,2200,1
36.12,93.08,17600,2
33.96,91.64,11000,1
27.795,87.53,3400,1
43.425,97.95,16600,2
38.67,94.78,13300,2
25.86,86.24,8700,1
36,93,16800,2
38.445,94.63,18900,2
31.095,89.73,10100,1
43.59,98.06,17700,2
29.76,88.84,12600,1
25.815,86.21,8400,1
27.975,87.65,4600,1
32.52,90.68,12000,1
18.87,81.58,7600,0
19.83,82.22,4900,0
33.63,91.42,11800,1
41.7,96.8,19300,2
44.685,98.79,17900,2
17.88,80.92,1000,0
19.92,82.28,5500,0
15.6,79.4,4000,0
30.165,89.11,11500,1
20.19,82.46,7300,0
20.925,82.95,3100,0
41.79,96.86,19900,2
30.945,89.63,12900,1
27.105,87.07,7900,1
29.955,88.97,10100,1
21.24,83.16,5200,0
42.675,97.45,18700,2
42.54,97.36,17800,2
43.95,98.3,13000,2
28.89,88.26,10600,1
44.67,98.78,17800,2
35.895,92.93,16100,2
42.93,97.62,13300,2
37.785,94.19,14500,2
35.67,92.78,14600,2
42.33,97.22,16400,2
32.085,90.39,12900,1
26.82,86.88,6000,1
44.91,98.94,19400,2
31.575,90.05,9500,1
44.835,98.89,18900,2
43.26,97.84,15500,2
39.09,95.06,16100,2
36.6,93.4,13700,2
25.185,85.79,4200,1
39.045,95.03,15800,2
39.57,95.38,19300,2
15.69,79.46,4600,0
32.955,90.97,11100,1
39.48,95.32,18700,2
39.69,95.46,13000,2
19.11,81.74,100,0
44.055,98.37,13700,2
22.245,83.83,2800,0
25.32,85.88,5100,1
16.38,79.92,100,0
17.175,80.45,5400,0
21.525,83.35,7100,0
22.815,84.21,6600,1
40.71,96.14,19800,2
24.81,85.54,1700,1
17.76,80.84,200,0
26.34,86.56,2800,1
43.305,97.87,15800,2
17.82,80.88,600,0
20.43,82.62,8900,0
23.79,84.86,4000,1
44.865,98.91,19100,2
38.805,94.87,14200,2
36.93,93.62,15900,2
35.73,92.82,15000,2
39.96,95.64,14800,2
44.79,98.86,18600,2
42.375,97.25,16700,2
25.23,85.82,4500,1
39.915,95.61,14500,2
31.905,90.27,11700,1
37.17,93.78,17500,2
41.145,96.43,15600,2
24.84,85.56,1900,1
19.5,82,2700,0
28.71,88.14,9400,1
24.06,85.04,5800,1
38.94,94.96,15100,2
38.115,94.41,16700,2
34.065,91.71,11700,1
21.885,83.59,400,0
22.155,83.77,2200,0
21.105,83.07,4300,0
16.635,80.09,1800,0
15.78,79.52,5200,0
33.09,91.06,12000,1
26.655,86.77,4900,1
18.84,81.56,7400,0
31.47,89.98,12600,1
40.755,96.17,13000,2
15.975,79.65,6500,0
16.98,80.32,4100,0
33.135,91.09,12300,1
31.395,89.93,12100,1
22.38,83.92,3700,0
32.97,90.98,11200,1
32.67,90.78,9200,1
15.495,79.33,3300,0
18.915,81.61,7900,0
28.635,88.09,9000,1
39.285,95.19,17400,2
40.665,96.11,19500,2
35.385,92.59,19800,2
40.89,96.26,13900,2
44.025,98.35,13500,2
29.985,88.99,10300,1
33.27,91.18,9400,1
21.54,83.36,7200,0
18.615,81.41,5900,0
17.22,80.48,5700,0
23.145,84.43,8800,1
28.395,87.93,7400,1
21.63,83.42,7800,0
28.11,87.74,5500,1
15.315,79.21,2100,0
40.47,95.98,18200,2
33.615,91.41,11700,1
32.61,90.74,12600,1
26.16,86.44,1600,1
41.985,96.99,14100,2
38.16,94.44,17000,2
25.395,85.93,5600,1
16.65,80.1,1900,0
37.74,94.16,14200,2
26.295,86.53,2500,1
20.37,82.58,8500,0
19.08,81.72,9000,0
41.535,96.69,18200,2
39.36,95.24,17900,2
35.505,92.67,13500,2
24.015,85.01,5500,1
33.06,91.04,11800,1
37.98,94.32,15800,2
23.955,84.97,5100,1
20.91,82.94,3000,0
33.585,91.39,11500,1
17.325,80.55,6400,0
15.285,79.19,1900,0
21.42,83.28,6400,0
36.015,93.01,16900,2
29.355,88.57,9900,1
32.88,90.92,10600,1
19.29,81.86,1300,0
30.135,89.09,11300,1
29.175,88.45,12500,1
31.725,90.15,10500,1
28.185,87.79,6000,1
30.465,89.31,9700,1
16.275,79.85,8500,0
18.735,81.49,6700,0
40.845,96.23,13600,2
30.15,89.1,11400,1
17.805,80.87,500,0
43.665,98.11,18200,2
17.85,80.9,800,0
31.755,90.17,10700,1
15.3,79.2,2000,0
17.28,80.52,6100,0
33.93,91.62,10800,1
37.05,93.7,16700,2
35.07,92.38,17700,2
35.16,92.44,18300,2
40.29,95.86,17000,2
37.515,94.01,19800,2
39.825,95.55,13900,2
29.01,88.34,11400,1
40.695,96.13,19700,2
35.28,92.52,19100,2
16.53,80.02,1100,0
42.39,97.26,16800,2
33,91,11400,1
15.15,79.1,1000,0
18.945,81.63,8100,0
37.71,94.14,14000,2
30.69,89.46,11200,1
17.31,80.54,6300,0
21.33,83.22,5800,0
18.825,81.55,7300,0
16.575,80.05,1400,0
28.305,87.87,6800,1
30.12,89.08,11200,1
30.36,89.24,12800,1
37.275,93.85,18200,2
27.705,87.47,2800,1
25.98,86.32,400,1
39.315,95.21,17600,2
34.98,92.32,17100,2
24.3,85.2,7400,1
40.245,95.83,16700,2
43.755,98.17,18800,2
19.74,82.16,4300,0
31.02,89.68,9600,1
36.345,93.23,19100,2
23.985,84.99,5300,1
34.77,92.18,15700,2
17.49,80.66,7500,0
44.655,98.77,17700,2
16.815,80.21,3000,0
21.87,83.58,300,0
15.45,79.3,3000,0
16.215,79.81,8100,0
42.135,97.09,15100,2
28.065,87.71,5200,1
33.84,91.56,10200,1
18.225,81.15,3300,0
26.775,86.85,5700,1
37.815,94.21,14700,2
42.99,97.66,13700,2
28.05,87.7,5100,1
23.475,84.65,1900,1
41.55,96.7,18300,2
39.21,95.14,16900,2
22.605,84.07,5200,1
22.905,84.27,7200,1
42.21,97.14,15600,2
36.375,93.25,19300,2
35.655,92.77,14500,2
43.05,97.7,14100,2
26.13,86.42,1400,1
41.04,96.36,14900,2
37.32,93.88,18500,2
15.345,79.23,2300,0
21.315,83.21,5700,0
15.12,79.08,800,0
42.735,97.49,19100,2
33.195,91.13,12700,1
27.495,87.33,1400,1
28.98,88.32,11200,1
32.37,90.58,11000,1
32.325,90.55,10700,1
34.89,92.26,16500,2
23.685,84.79,3300,1
25.095,85.73,3600,1
32.445,90.63,11500,1
28.17,87.78,5900,1
29.1,88.4,12000,1
19.62,82.08,3500,0
37.89,94.26,15200,2
17.505,80.67,7600,0
18.6,81.4,5800,0
26.76,86.84,5600,1
44.115,98.41,14100,2
22.86,84.24,6900,1
38.145,94.43,16900,2
38.49,94.66,19200,2
35.685,92.79,14700,2
25.59,86.06,6900,1
43.935,98.29,20000,2
36.585,93.39,13600,2
16.17,79.78,7800,0
26.22,86.48,2000,1
31.365,89.91,11900,1
29.775,88.85,12700,1
25.725,86.15,7800,1
42.435,97.29,17100,2
26.07,86.38,1000,1
21.465,83.31,6700,0
34.905,92.27,16600,2
30.33,89.22,12600,1
38.955,94.97,15200,2
21.165,83.11,4700,0
27.48,87.32,1300,1
28.785,88.19,9900,1
36.96,93.64,16100,2
34.23,91.82,12800,1
35.61,92.74,14200,2
16.875,80.25,3400,0
44.37,98.58,15800,2
24.21,85.14,6800,1
17.385,80.59,6800,0
15.36,79.24,2400,0
41.715,96.81,19400,2
18.165,81.11,2900,0
26.835,86.89,6100,1
24.975,85.65,2800,1
24.375,85.25,7900,1
23.16,84.44,8900,1
21.075,83.05,4100,0
16.155,79.77,7700,0
30.705,89.47,11300,1
39.39,95.26,18100,2
42.195,97.13,15500,2
30.495,89.33,9900,1
40.53,96.02,18600,2
33.12,91.08,12200,1
32.625,90.75,12700,1
40.215,95.81,16500,2
23.58,84.72,2600,1
42.945,97.63,13400,2
29.52,88.68,11000,1
31.35,89.9,11800,1
18.48,81.32,5000,0
15.54,79.36,3600,0
31.965,90.31,12100,1
32.265,90.51,10300,1
22.485,83.99,4400,0
32.565,90.71,12300,1
32.22,90.48,10000,1
21.66,83.44,8000,0
28.02,87.68,4900,1
44.52,98.68,16800,2
37.455,93.97,19400,2
44.88,98.92,19200,2
24.57,85.38,100,1
41.085,96.39,15200,2
18.03,81.02,2000,0
17.07,80.38,4700,0
30.18,89.12,11600,1
21.135,83.09,4500,0
36.525,93.35,13200,2
43.455,97.97,16800,2
43.53,98.02,17300,2
42.42,97.28,17000,2
25.26,85.84,4700,1
39.645,95.43,19800,2
44.22,98.48,14800,2
26.115,86.41,1300,1
37.56,94.04,13000,2
23.265,84.51,500,1
19.86,82.24,5100,0
25.14,85.76,3900,1
36.42,93.28,19600,2
34.095,91.73,11900,1
24.42,85.28,8200,1
22.065,83.71,1600,0
28.815,88.21,10100,1
36.36,93.24,19200,2
22.32,83.88,3300,0
27.75,87.5,3100,1
23.94,84.96,5000,1
15.66,79.44,4400,0
38.595,94.73,19900,2
41.655,96.77,19000,2
15.435,79.29,2900,0
28.08,87.72,5300,1
30.72,89.48,11400,1
36.495,93.33,13000,2
23.13,84.42,8700,1
42.075,97.05,14700,2
26.58,86.72,4400,1
18.33,81.22,4000,0
27.78,87.52,3300,1
37.59,94.06,13200,2
15.51,79.34,3400,0
39.525,95.35,19000,2
16.425,79.95,400,0
23.46,84.64,1800,1
15.72,79.48,4800,0
18.375,81.25,4300,0
22.095,83.73,1800,0
31.455,89.97,12500,1
34.95,92.3,16900,2
31.665,90.11,10100,1
29.04,88.36,11600,1
37.755,94.17,14300,2
16.44,79.96,500,0
41.235,96.49,16200,2
44.445,98.63,16300,2
41.805,96.87,20000,2
26.445,86.63,3500,1
43.8,98.2,19100,2
36.645,93.43,14000,2
30.105,89.07,11100,1
42.45,97.3,17200,2
21.15,83.1,4600,0
35.94,92.96,16400,2
20.7,82.8,1600,0
16.86,80.24,3300,0
38.745,94.83,13800,2
43.635,98.09,18000,2
29.475,88.65,10700,1
22.68,84.12,5700,1
20.22,82.48,7500,0
44.295,98.53,15300,2
33.975,91.65,11100,1
33.57,91.38,11400,1
41.73,96.82,19500,2
22.44,83.96,4100,0
16.935,80.29,3800,0
28.83,88.22,10200,1
16.23,79.82,8200,0
39.075,95.05,16000,2
35.52,92.68,13600,2
42.96,97.64,13500,2
20.58,82.72,800,0
28.575,88.05,8600,1
22.53,84.02,4700,1
30.345,89.23,12700,1
15.945,79.63,6300,0
30.915,89.61,12700,1
16.605,80.07,1600,0
25.455,85.97,6000,1
34.725,92.15,15400,2
42.105,97.07,14900,2
20.715,82.81,1700,0
25.02,85.68,3100,1
41.925,96.95,13700,2
22.35,83.9,3500,0
26.805,86.87,5900,1
33.645,91.43,11900,1
20.04,82.36,6300,0
26.01,86.34,600,1
25.935,86.29,100,1
23.805,84.87,4100,1
15.585,79.39,3900,0
33.915,91.61,10700,1
34.995,92.33,17200,2
43.68,98.12,18300,2
39.405,95.27,18200,2
38.28,94.52,17800,2
28.95,88.3,11000,1
29.58,88.72,11400,1
24.855,85.57,2000,1
34.605,92.07,14600,2
18.045,81.03,2100,0
17.67,80.78,8700,0
42.285,97.19,16100,2
40.2,95.8,16400,2
24.45,85.3,8400,1
31.305,89.87,11500,1
18.195,81.13,3100,0
28.035,87.69,5000,1
20.745,82.83,1900,0
25.905,86.27,9000,1
28.29,87.86,6700,1
36.195,93.13,18100,2
24.585,85.39,200,1
38.085,94.39,16500,2
23.52,84.68,2200,1
41.64,96.76,18900,2
26.52,86.68,4000,1
24.075,85.05,5900,1
18.93,81.62,8000,0
33.165,91.11,12500,1
21.765,83.51,8700,0
32.415,90.61,11300,1
33.81,91.54,10000,1
16.695,80.13,2200,0
23.715,84.81,3500,1
34.59,92.06,14500,2
25.47,85.98,6100,1
33.33,91.22,9800,1
20.505,82.67,300,0
17.19,80.46,5500,0
19.65,82.1,3700,0
36.99,93.66,16300,2
15.42,79.28,2800,0
17.97,80.98,1600,0
39.42,95.28,18300,2
30.975,89.65,9300,1
35.175,92.45,18400,2
29.865,88.91,9500,1
36.315,93.21,18900,2
20.085,82.39,6600,0
43.155,97.77,14800,2
27.51,87.34,1500,1
39.72,95.48,13200,2
40.545,96.03,18700,2
25.035,85.69,3200,1
38.13,94.42,16800,2
25.62,86.08,7100,1
42.405,97.27,16900,2
33.075,91.05,11900,1
37.365,93.91,18800,2
25.425,85.95,5800,1
34.335,91.89,12700,1
37.47,93.98,19500,2
44.76,98.84,18400,2
37.635,94.09,13500,2
33.735,91.49,12500,1
44.805,98.87,18700,2
17.46,80.64,7300,0
16.74,80.16,2500,0
27.195,87.13,8500,1
15.045,79.03,300,0
17.715,80.81,9000,0
37.44,93.96,19300,2
35.445,92.63,13100,2
40.935,96.29,14200,2
15.99,79.66,6600,0
27.03,87.02,7400,1
19.14,81.76,300,0
21.99,83.66,1100,0
44.04,98.36,13600,2
36.705,93.47,14400,2
24.66,85.44,700,1
24.135,85.09,6300,1
38.655,94.77,13200,2
43.995,98.33,13300,2
15.63,79.42,4200,0
37.845,94.23,14900,2
43.815,98.21,19200,2
35.295,92.53,19200,2
31.08,89.72,10000,1
29.715,88.81,12300,1
20.115,82.41,6800,0
44.265,98.51,15100,2
38.685,94.79,13400,2
26.49,86.66,3800,1
16.68,80.12,2100,0
26.28,86.52,2400,1
17.535,80.69,7800,0
38.34,94.56,18200,2
27,87,7200,1
26.19,86.46,1800,1
43.86,98.24,19500,2
29.805,88.87,12900,1
30.885,89.59,12500,1
31.425,89.95,12300,1
17.925,80.95,1300,0
19.53,82.02,2900,0
18.72,81.48,6600,0
44.355,98.57,15700,2
29.73,88.82,12400,1
25.965,86.31,300,1
17.895,80.93,1100,0
38.985,94.99,15400,2
28.2,87.8,6100,1
24.36,85.24,7800,1
28.755,88.17,9700,1
43.38,97.92,16300,2
16.785,80.19,2800,0
43.485,97.99,17000,2
32.31,90.54,10600,1
40.515,96.01,18500,2
24.33,85.22,7600,1
17.91,80.94,1200,0
37.41,93.94,19100,2
33.48,91.32,10800,1
41.52,96.68,18100,2
44.82,98.88,18800,2
39.495,95.33,18800,2
19.815,82.21,4800,0
40.635,96.09,19300,2
36.27,93.18,18600,2
41.115,96.41,15400,2
22.335,83.89,3400,0
31.65,90.1,10000,1
35.37,92.58,19700,2
20.985,82.99,3500,0
31.125,89.75,10300,1
40.62,96.08,19200,2
32.055,90.37,12700,1
16.845,80.23,3200,0
31.845,90.23,11300,1
37.695,94.13,13900,2
23.61,84.74,2800,1
15.165,79.11,1100,0
30.255,89.17,12100,1
15.855,79.57,5700,0
33.795,91.53,12900,1
22.62,84.08,5300,1
18.585,81.39,5700,0
23.34,84.56,1000,1
38.415,94.61,18700,2
16.545,80.03,1200,0
21.93,83.62,700,0
32.685,90.79,9300,1
23.49,84.66,2000,1
16.485,79.99,800,0
42.27,97.18,16000,2
25.68,86.12,7500,1
25.44,85.96,5900,1
34.14,91.76,12200,1
27.21,87.14,8600,1
21.285,83.19,5500,0
31.05,89.7,9800,1
26.505,86.67,3900,1
20.595,82.73,900,0
31.065,89.71,9900,1
19.905,82.27,5400,0
35.085,92.39,17800,2
17.16,80.44,5300,0
39.225,95.15,17000,2
22.02,83.68,1300,0
34.545,92.03,14200,2
33.45,91.3,10600,1
42.48,97.32,17400,2
42.6,97.4,18200,2
18.255,81.17,3500,0
27.06,87.04,7600,1
16.35,79.9,9000,0
18.18,81.12,3000,0
29.49,88.66,10800,1
31.32,89.88,11600,1
21.75,83.5,8600,0
18.765,81.51,6900,0
21.3,83.2,5600,0
17.685,80.79,8800,0
24.405,85.27,8100,1
33.465,91.31,10700,1
16.005,79.67,6700,0
19.605,82.07,3400,0
22.545,84.03,4800,1
34.965,92.31,17000,2
15.795,79.53,5300,0
42.78,97.52,19400,2
42.645,97.43,18500,2
15.735,79.49,4900,0
24.27,85.18,7200,1
33.78,91.52,12800,1
25.665,86.11,7400,1
20.325,82.55,8200,0
42.345,97.23,16500,2
39.3,95.2,17500,2
39.06,95.04,15900,2
38.385,94.59,18500,2
38.7,94.8,13500,2
35.535,92.69,13700,2
23.115,84.41,8600,1
29.505,88.67,10900,1
31.605,90.07,9700,1
29.7,88.8,12200,1
37.995,94.33,15900,2
20.175,82.45,7200,0
31.785,90.19,10900,1
22.005,83.67,1200,0
33.72,91.48,12400,1
43.695,98.13,18400,2
26.565,86.71,4300,1
18.63,81.42,6000,0
17.955,80.97,1500,0
19.395,81.93,2000,0
43.14,97.76,14700,2
37.905,94.27,15300,2
36.3,93.2,18800,2
15.075,79.05,500,0
21.9,83.6,500,0
38.79,94.86,14100,2
34.05,91.7,11600,1
26.625,86.75,4700,1
27.405,87.27,800,1
42.915,97.61,13200,2
17.415,80.61,7000,0
44.4,98.6,16000,2
39.18,95.12,16700,2
22.785,84.19,6400,1
27.72,87.48,2900,1
33.42,91.28,10400,1
16.5,80,900,0
16.89,80.26,3500,0
29.655,88.77,11900,1
34.845,92.23,16200,2
27.99,87.66,4700,1
32.25,90.5,10200,1
19.245,81.83,1000,0
37.35,93.9,18700,2
41.19,96.46,15900,2
44.34,98.56,15600,2
29.445,88.63,10500,1
33.66,91.44,12000,1
20.61,82.74,1000,0
39.6,95.4,19500,2
29.43,88.62,10400,1
43.56,98.04,17500,2
30.93,89.62,12800,1
18.57,81.38,5600,0
27.315,87.21,200,1
32.46,90.64,11600,1
27.36,87.24,500,1
15.525,79.35,3500,0
21.705,83.47,8300,0
31.74,90.16,10600,1
24.945,85.63,2600,1
34.665,92.11,15000,2
20.055,82.37,6400,0
22.2,83.8,2500,0
44.94,98.96,19600,2
26.43,86.62,3400,1
43.92,98.28,19900,2
26.955,86.97,6900,1
41.355,96.57,17000,2
36.405,93.27,19500,2
27.18,87.12,8400,1
34.53,92.02,14100,2
39.12,95.08,16300,2
30.06,89.04,10800,1
27.87,87.58,3900,1
20.64,82.76,1200,0
25.35,85.9,5300,1
41.43,96.62,17500,2
32.76,90.84,9800,1
40.455,95.97,18100,2
29.4,88.6,10200,1
39.705,95.47,13100,2
17.52,80.68,7700,0
27.885,87.59,4000,1
30.375,89.25,12900,1
25.755,86.17,8000,1
37.38,93.92,18900,2
35.805,92.87,15500,2
34.305,91.87,12500,1
26.4,86.6,3200,1
22.29,83.86,3100,0
29.565,88.71,11300,1
43.35,97.9,16100,2
28.38,87.92,7300,1
39.735,95.49,13300,2
28.53,88.02,8300,1
44.475,98.65,16500,2
41.325,96.55,16800,2
44.31,98.54,15400,2
36.87,93.58,15500,2
39.51,95.34,18900,2
28.41,87.94,7500,1
21.405,83.27,6300,0
43.23,97.82,15300,2
22.17,83.78,2300,0
23.655,84.77,3100,1
28.215,87.81,6200,1
18.66,81.44,6200,0
40.995,96.33,14600,2
36.945,93.63,16000,2
31.23,89.82,11000,1
29.97,88.98,10200,1
27.945,87.63,4400,1
30.09,89.06,11000,1
26.265,86.51,2300,1
42.315,97.21,16300,2
27.825,87.55,3600,1
30.42,89.28,9400,1
33.03,91.02,11600,1
44.28,98.52,15200,2
43.065,97.71,14200,2
16.245,79.83,8300,0
22.755,84.17,6200,1
18.15,81.1,2800,0
30.57,89.38,10400,1
39.855,95.57,14100,2
28.965,88.31,11100,1
20.46,82.64,0,0
43.125,97.75,14600,2
39.975,95.65,14900,2
24.165,85.11,6500,1
39.435,95.29,18400,2
33.9,91.6,10600,1
40.98,96.32,14500,2
32.235,90.49,10100,1
29.25,88.5,9200,1
38.265,94.51,17700,2
38.07,94.38,16400,2
20.28,82.52,7900,0
31.875,90.25,11500,1
21.675,83.45,8100,0
16.92,80.28,3700,0
18.975,81.65,8300,0
15.27,79.18,1800,0
26.7,86.8,5200,1
21.795,83.53,8900,0
45,99,20000,2
20.94,82.96,3200,0
18.675,81.45,6300,0
32.34,90.56,10800,1
26.145,86.43,1500,1
24.645,85.43,600,1
33.51,91.34,11000,1
23.415,84.61,1500,1
20.07,82.38,6500,0
17.43,80.62,7100,0
23.88,84.92,4600,1
19.425,81.95,2200,0
30.87,89.58,12400,1
34.62,92.08,14700,2
41.745,96.83,19600,2
42.165,97.11,15300,2
37.77,94.18,14400,2
44.565,98.71,17100,2
29.19,88.46,12600,1
34.575,92.05,14400,2
24.495,85.33,8700,1
18.36,81.24,4200,0
33.225,91.15,12900,1
29.61,88.74,11600,1
25.875,86.25,8800,1
40.26,95.84,16800,2
32.1,90.4,9200,1
43.365,97.91,16200,2
30.84,89.56,12200,1
38.865,94.91,14600,2
42.18,97.12,15400,2
41.595,96.73,18600,2
42.225,97.15,15700,2
27.45,87.3,1100,1
37.185,93.79,17600,2
37.605,94.07,13300,2
36.45,93.3,19800,2
22.98,84.32,7700,1
27.96,87.64,4500,1
32.715,90.81,9500,1
41.895,96.93,13500,2
22.185,83.79,2400,0
20.97,82.98,3400,0
23.925,84.95,4900,1
24,85,5400,1
18.51,81.34,5200,0
19.89,82.26,5300,0
28.56,88.04,8500,1
42.555,97.37,17900,2
16.035,79.69,6900,0
28.005,87.67,4800,1
30.225,89.15,11900,1
26.985,86.99,7100,1
38.355,94.57,18300,2
22.47,83.98,4300,0
23.565,84.71,2500,1
32.58,90.72,12400,1
16.14,79.76,7600,0
20.385,82.59,8600,0
29.625,88.75,11700,1
22.875,84.25,7000,1
25.89,86.26,8900,1
20.475,82.65,100,0
15.81,79.54,5400,0
34.26,91.84,12200,1
22.515,84.01,4600,1
15.03,79.02,200,0
19.665,82.11,3800,0
35.055,92.37,17600,2
24.885,85.59,2200,1
27.285,87.19,0,1
19.71,82.14,4100,0
27.81,87.54,3500,1
25.995,86.33,500,1
21.03,83.02,3800,0
36.855,93.57,15400,2
37.14,93.76,17300,2
23.895,84.93,4700,1
32.865,90.91,10500,1
29.67,88.78,12000,1
32.985,90.99,11300,1
31.11,89.74,10200,1
36.225,93.15,18300,2
37.65,94.1,13600,2
19.2,81.8,700,0
41.07,96.38,15100,2
35.04,92.36,17500,2
33.54,91.36,11200,1
22.305,83.87,3200,0
35.25,92.5,18900,2
25.65,86.1,7300,1
24.72,85.48,1100,1
38.055,94.37,16300,2
17.01,80.34,4300,0
29.64,88.76,11800,1
40.485,95.99,18300,2
16.125,79.75,7500,0
26.91,86.94,6600,1
28.86,88.24,10400,1
21.045,83.03,3900,0
42.975,97.65,13600,2
26.64,86.76,4800,1
18.24,81.16,3400,0
44.85,98.9,19000,2
28.455,87.97,7800,1
38.91,94.94,14900,2
35.31,92.54,19300,2
18.495,81.33,5100,0
28.275,87.85,6600,1
30.6,89.4,10600,1
23.535,84.69,2300,1
42.255,97.17,15900,2
31.2,89.8,10800,1
33.18,91.12,12600,1
27.63,87.42,2300,1
24.435,85.29,8300,1
43.185,97.79,15000,2
22.215,83.81,2600,0
44.415,98.61,16100,2
20.88,82.92,2800,0
35.85,92.9,15800,2
43.575,98.05,17600,2
36.255,93.17,18500,2
27.3,87.2,100,1
19.035,81.69,8700,0
44.985,98.99,19900,2
30.3,89.2,12400,1
36.045,93.03,17100,2
30.615,89.41,10700,1
25.74,86.16,7900,1
37.035,93.69,16600,2
22.635,84.09,5400,1
15.93,79.62,6200,0
30.21,89.14,11800,1
23.325,84.55,900,1
27.045,87.03,7500,1
29.745,88.83,12500,1
36.9,93.6,15700,2
39.93,95.62,14600,2
23.1,84.4,8500,1
40.125,95.75,15900,2
26.175,86.45,1700,1
39.27,95.18,17300,2
29.13,88.42,12200,1
37.485,93.99,19600,2
34.275,91.85,12300,1
41.1,96.4,15300,2
39.675,95.45,20000,2
15.33,79.22,2200,0
41.58,96.72,18500,2
18.645,81.43,6100,0
35.355,92.57,19600,2
29.205,88.47,12700,1
18.54,81.36,5400,0
39.84,95.56,14000,2
31.545,90.03,9300,1
29.46,88.64,10600,1
28.125,87.75,5600,1
17.61,80.74,8300,0
23.25,84.5,400,1
44.895,98.93,19300,2
21.015,83.01,3700,0
18.06,81.04,2200,0
20.01,82.34,6100,0
15.48,79.32,3200,0
42.045,97.03,14500,2
44.385,98.59,15900,2
22.56,84.04,4900,1
30.015,89.01,10500,1
23.07,84.38,8300,1
28.14,87.76,5700,1
34.365,91.91,13000,2
21.48,83.32,6800,0
35.235,92.49,18800,2
15.39,79.26,2600,0
41.955,96.97,13900,2
21.615,83.41,7700,0
17.595,80.73,8200,0
24.345,85.23,7700,1
38.025,94.35,16100,2
35.745,92.83,15100,2
17.865,80.91,900,0
21.255,83.17,5300,0
41.85,96.9,13200,2
34.38,91.92,13100,2
43.215,97.81,15200,2
25.11,85.74,3700,1
27.15,87.1,8200,1
33.36,91.24,10000,1
35.775,92.85,15300,2
42.81,97.54,19600,2
31.155,89.77,10500,1
38.325,94.55,18100,2
21.495,83.33,6900,0
36.675,93.45,14200,2
36.285,93.19,18700,2
28.875,88.25,10500,1
42.63,97.42,18400,2
33.405,91.27,10300,1
19.17,81.78,500,0
41.37,96.58,17100,2
27.255,87.17,8900,1
25.785,86.19,8200,1
43.545,98.03,17400,2
27.765,87.51,3200,1
43.245,97.83,15400,2
19.8,82.2,4700,0
34.44,91.96,13500,2
23.28,84.52,600,1
24.195,85.13,6700,1
27.66,87.44,2500,1
17.115,80.41,5000,0
19.095,81.73,0,0
29.94,88.96,10000,1
44.955,98.97,19700,2
21.825,83.55,0,0
38.775,94.85,14000,2
23.175,84.45,9000,1
31.38,89.92,12000,1
28.695,88.13,9300,1
18.525,81.35,5300,0
25.17,85.78,4100,1
39.99,95.66,15000,2
34.785,92.19,15800,2
27.585,87.39,2000,1
37.11,93.74,17100,2
16.56,80.04,1300,0
40.575,96.05,18900,2
24.765,85.51,1400,1
43.965,98.31,13100,2
29.025,88.35,11500,1
27.855,87.57,3800,1
26.595,86.73,4500,1
20.025,82.35,6200,0
25.29,85.86,4900,1
33.75,91.5,12600,1
40.41,95.94,17800,2
32.64,90.76,12800,1
15.84,79.56,5600,0
42.36,97.24,16600,2
19.23,81.82,900,0
28.725,88.15,9500,1
42.585,97.39,18100,2
32.85,90.9,10400,1
35.22,92.48,18700,2
41.01,96.34,14700,2
37.065,93.71,16800,2
20.205,82.47,7400,0
37.545,94.03,20000,2
44.55,98.7,17000,2
29.85,88.9,9400,1
40.35,95.9,17400,2
26.88,86.92,6400,1
19.875,82.25,5200,0
36.18,93.12,18000,2
15.825,79.55,5500,0
22.965,84.31,7600,1
19.38,81.92,1900,0
41.505,96.67,18000,2
20.4,82.6,8700,0
26.1,86.4,1200,1
16.095,79.73,7300,0
19.455,81.97,2400,0
24.285,85.19,7300,1
25.575,86.05,6800,1
22.275,83.85,3000,0
35.64,92.76,14400,2
25.53,86.02,6500,1
39.255,95.17,17200,2
33.87,91.58,10400,1
28.485,87.99,8000,1
22.77,84.18,6300,1
24.105,85.07,6100,1
33.69,91.46,12200,1
32.025,90.35,12500,1
20.1,82.4,6700,0
26.865,86.91,6300,1
35.43,92.62,13000,2
42.705,97.47,18900,2
25.2,85.8,4300,1
21.12,83.08,4400,0
40.395,95.93,17700,2
40.08,95.72,15600,2
33.375,91.25,10100,1
40.59,96.06,19000,2
44.1,98.4,14000,2
34.455,91.97,13600,2
21.435,83.29,6500,0
43.905,98.27,19800,2
34.56,92.04,14300,2
16.515,80.01,1000,0
32.16,90.44,9600,1
19.515,82.01,2800,0
22.695,84.13,5800,1
31.53,90.02,9200,1
30.315,89.21,12500,1
24.525,85.35,8900,1
40.965,96.31,14400,2
20.13,82.42,6900,0
22.5,84,4500,0
25.365,85.91,5400,1
22.455,83.97,4200,0
31.185,89.79,10700,1
32.475,90.65,11700,1
36.63,93.42,13900,2
28.905,88.27,10700,1
24.99,85.66,2900,1
22.935,84.29,7400,1
26.85,86.9,6200,1
44.505,98.67,16700,2
22.035,83.69,1400,0
21.39,83.26,6200,0
33.015,91.01,11500,1
38.565,94.71,19700,2
35.55,92.7,13800,2
19.32,81.88,1500,0
38.82,94.88,14300,2
29.385,88.59,10100,1
19.275,81.85,1200,0
15.96,79.64,6400,0
39.015,95.01,15600,2
30.555,89.37,10300,1
29.55,88.7,11200,1
23.91,84.94,4800,1
34.29,91.86,12400,1
40.8,96.2,13300,2
29.595,88.73,11500,1
18.42,81.28,4600,0
36.33,93.22,19000,2
34.65,92.1,14900,2
32.55,90.7,12200,1
28.995,88.33,11300,1
17.55,80.7,7900,0
33.675,91.45,12100,1
29.295,88.53,9500,1
24.12,85.08,6200,1
34.425,91.95,13400,2
15.885,79.59,5900,0
19.98,82.32,5900,0
18.12,81.08,2600,0
37.155,93.77,17400,2
28.47,87.98,7900,1
34.5,92,13900,2
37.29,93.86,18300,2
33.315,91.21,9700,1
22.89,84.26,7100,1
37.92,94.28,15400,2
26.79,86.86,5800,1
42.03,97.02,14400,2
44.43,98.62,16200,2
29.115,88.41,12100,1
24.09,85.06,6000,1
35.715,92.81,14900,2
16.395,79.93,200,0
38.52,94.68,19400,2
24.825,85.55,1800,1
29.235,88.49,12900,1
16.2,79.8,8000,0
37.725,94.15,14100,2
23.37,84.58,1200,1
44.325,98.55,15500,2
18.465,81.31,4900,0
15.87,79.58,5800,0
35.025,92.35,17400,2
23.73,84.82,3600,1
40.65,96.1,19400,2
20.52,82.68,400,0
17.4,80.6,6900,0
40.14,95.76,16000,2
37.965,94.31,15700,2
35.13,92.42,18100,2
19.635,82.09,3600,0
27.645,87.43,2400,1
39.465,95.31,18600,2
24.315,85.21,7500,1
17.265,80.51,6000,0
18.78,81.52,7000,0
38.535,94.69,19500,2
29.07,88.38,11800,1
34.35,91.9,12800,1
20.145,82.43,7000,0
15.57,79.38,3800,0
38.505,94.67,19300,2
15.225,79.15,1500,0
19.47,81.98,2500,0
30.03,89.02,10600,1
28.845,88.23,10300,1
22.725,84.15,6000,1
30.285,89.19,12300,1
16.365,79.91,0,0
18.45,81.3,4800,0
17.085,80.39,4800,0
29.415,88.61,10300,1
27.39,87.26,700,1
41.28,96.52,16500,2
17.625,80.75,8400,0
41.205,96.47,16000,2
29.31,88.54,9600,1
39.615,95.41,19600,2
35.475,92.65,13300,2
26.385,86.59,3100,1
31.245,89.83,11100,1
43.65,98.1,18100,2
43.83,98.22,19300,2
22.365,83.91,3600,0
35.955,92.97,16500,2
24.15,85.1,6400,1
30.855,89.57,12300,1
27.84,87.56,3700,1
36.57,93.38,13500,2
36.84,93.56,15300,2
25.71,86.14,7700,1
35.1,92.4,17900,2
34.17,91.78,12400,1
41.34,96.56,16900,2
17.205,80.47,5600,0
23.4,84.6,1400,1
40.11,95.74,15800,2
24.93,85.62,2500,1
40.95,96.3,14300,2
18.015,81.01,1900,0
17.475,80.65,7400,0
30.045,89.03,10700,1
22.14,83.76,2100,0
33.345,91.23,9900,1
34.005,91.67,11300,1
28.8,88.2,10000,1
34.2,91.8,12600,1
21.18,83.12,4800,0
27.915,87.61,4200,1
27.015,87.01,7300,1
25.38,85.92,5500,1
18.27,81.18,3600,0
36.735,93.49,14600,2
40.5,96,18400,2
31.77,90.18,10800,1
15,79,0,0
28.68,88.12,9200,1
17.745,80.83,100,0
16.83,80.22,3100,0
31.86,90.24,11400,1
34.11,91.74,12000,1
21,83,3600,0
23.235,84.49,300,1
30.525,89.35,10100,1
43.5,98,17100,2
19.485,81.99,2600,0
15.06,79.04,400,0
42.765,97.51,19300,2
34.815,92.21,16000,2
30.675,89.45,11100,1
17.565,80.71,8000,0
36.24,93.16,18400,2
17.13,80.42,5100,0
18.3,81.2,3800,0
33.39,91.26,10200,1
40.74,96.16,20000,2
35.58,92.72,14000,2
37.83,94.22,14800,2
28.935,88.29,10900,1
22.65,84.1,5500,1
38.235,94.49,17500,2
26.925,86.95,6700,1
37.575,94.05,13100,2
36.69,93.46,14300,2
24.18,85.12,6600,1
43.395,97.93,16400,2
16.065,79.71,7100,0
23.385,84.59,1300,1
37.395,93.93,19000,2
41.91,96.94,13600,2
42.015,97.01,14300,2
20.85,82.9,2600,0
30.81,89.54,12000,1
24.63,85.42,500,1
31.035,89.69,9700,1
26.715,86.81,5300,1
25.845,86.23,8600,1
32.82,90.88,10200,1
25.335,85.89,5200,1
43.335,97.89,16000,2
41.685,96.79,19200,2
38.475,94.65,19100,2
29.895,88.93,9700,1
28.545,88.03,8400,1
15.555,79.37,3700,0
42.06,97.04,14600,2
18.135,81.09,2700,0
18.705,81.47,6500,0
30.585,89.39,10500,1
39.63,95.42,19700,2
43.845,98.23,19400,2
28.74,88.16,9600,1
30.795,89.53,11900,1
43.515,98.01,17200,2
30.48,89.32,9800,1
39.54,95.36,19100,2
35.595,92.73,14100,2
38.85,94.9,14500,2
31.83,90.22,11200,1
16.29,79.86,8600,0
40.32,95.88,17200,2
24.75,85.5,1300,1
44.46,98.64,16400,2
19.965,82.31,5800,0
16.32,79.88,8800,0
21.975,83.65,1000,0
24.87,85.58,2100,1
25.695,86.13,7600,1
29.685,88.79,12100,1
32.355,90.57,10900,1
24.24,85.16,7000,1
32.49,90.66,11800,1
38.76,94.84,13900,2
39.375,95.25,18000,2
40.335,95.89,17300,2
34.92,92.28,16700,2
16.77,80.18,2700,0
31.005,89.67,9500,1
26.73,86.82,5400,1
41.865,96.91,13300,2
44.01,98.34,13400,2
32.04,90.36,12600,1
37.95,94.3,15600,2
26.94,86.96,6800,1
17.355,80.57,6600,0
18.885,81.59,7700,0
44.625,98.75,17500,2
34.485,91.99,13800,2
22.23,83.82,2700,0
32.205,90.47,9900,1
39.555,95.37,19200,2
17.7,80.8,8900,0
23.76,84.84,3800,1
36.975,93.65,16200,2
26.415,86.61,3300,1
36.915,93.61,15800,2
16.02,79.68,6800,0
20.82,82.88,2400,0
23.04,84.36,8100,1
33.285,91.19,9500,1
38.37,94.58,18400,2
35.325,92.55,19400,2
28.425,87.95,7600,1
39.45,95.3,18500,2
15.21,79.14,1400,0
44.175,98.45,14500,2
33.555,91.37,11300,1
23.82,84.88,4200,1
40.44,95.96,18000,2
25.485,85.99,6200,1
37.02,93.68,16500,2
27.09,87.06,7800,1
43.77,98.18,18900,2
23.64,84.76,3000,1
26.97,86.98,7000,1
16.41,79.94,300,0
34.32,91.88,12600,1
20.34,82.56,8300,0
35.88,92.92,16000,2
20.565,82.71,700,0
34.245,91.83,12900,1
35.76,92.84,15200,2
25.08,85.72,3500,1
43.725,98.15,18600,2
41.775,96.85,19800,2
22.125,83.75,2000,0
36.48,93.32,20000,2
39.81,95.54,13800,2
43.275,97.85,15600,2
40.875,96.25,13800,2
17.94,80.96,1400,0
34.41,91.94,13300,2
36.105,93.07,17500,2
25.605,86.07,7000,1
23.745,84.83,3700,1
32.835,90.89,10300,1
20.775,82.85,2100,0
44.745,98.83,18300,2
17.775,80.85,300,0
35.82,92.88,15600,2
42.75,97.5,19200,2
23.085,84.39,8400,1
23.55,84.7,2400,1
24.045,85.03,5700,1
19.56,82.04,3100,0
35.4,92.6,19900,2
31.695,90.13,10300,1
19.44,81.96,2300,0
42.795,97.53,19500,2
34.02,91.68,11400,1
37.125,93.75,17200,2
32.595,90.73,12500,1
17.25,80.5,5900,0
21.225,83.15,5100,0
21.555,83.37,7300,0
27.135,87.09,8100,1
21.945,83.63,800,0
41.13,96.42,15500,2
16.755,80.17,2600,0
23.355,84.57,1100,1
20.67,82.78,1400,0
40.365,95.91,17500,2
32.13,90.42,9400,1
22.395,83.93,3800,0
44.715,98.81,18100,2
34.515,92.01,14000,2
15.705,79.47,4700,0
31.935,90.29,11900,1
43.08,97.72,14300,2
22.665,84.11,5600,1
19.995,82.33,6000,0
44.64,98.76,17600,2
39.165,95.11,16600,2
36.135,93.09,17700,2
20.16,82.44,7100,0
41.16,96.44,15700,2
19.26,81.84,1100,0
33.3,91.2,9600,1
17.79,80.86,400,0
20.955,82.97,3300,0
21.585,83.39,7500,0
43.98,98.32,13200,2
16.8,80.2,2900,0
43.44,97.96,16700,2
27.69,87.46,2700,1
21.45,83.3,6600,0
27.525,87.35,1600,1
43.32,97.88,15900,2
16.26,79.84,8400,0
24.39,85.26,8000,1
23.595,84.73,2700,1
23.775,84.85,3900,1
26.355,86.57,2900,1
25.95,86.3,200,1
34.71,92.14,15300,2
30.96,89.64,9200,1
16.71,80.14,2300,0
37.62,94.08,13400,2
25.5,86,6300,1
23.445,84.63,1700,1
15.615,79.41,4100,0
24.54,85.36,9000,1
25.275,85.85,4800,1
36.21,93.14,18200,2
28.365,87.91,7200,1
36.435,93.29,19700,2
41.295,96.53,16600,2
27.57,87.38,1900,1
33.15,91.1,12400,1
41.82,96.88,13000,2
20.295,82.53,8000,0
40.815,96.21,13400,2
40.02,95.68,15200,2
17.73,80.82,0,0
42.855,97.57,19900,2
25.92,86.28,0,1
40.905,96.27,14000,2
34.8,92.2,15900,2
38.625,94.75,13000,2
22.11,83.74,1900,0
27.615,87.41,2200,1
31.59,90.06,9600,1
41.25,96.5,16300,2
16.335,79.89,8900,0
36.39,93.26,19400,2
17.58,80.72,8100,0
40.005,95.67,15100,2
21.06,83.04,4000,0
37.86,94.24,15000,2
39.135,95.09,16400,2
31.98,90.32,12200,1
42.495,97.33,17500,2
23.31,84.54,800,1
38.1,94.4,16600,2
36.555,93.37,13400,2
43.71,98.14,18500,2
23.055,84.37,8200,1
35.985,92.99,16700,2
36.825,93.55,15200,2
29.835,88.89,9300,1
28.335,87.89,7000,1
32.895,90.93,10700,1
43.875,98.25,19600,2
39.78,95.52,13600,2
26.61,86.74,4600,1
41.265,96.51,16400,2
34.695,92.13,15200,2
35.565,92.71,13900,2
44.595,98.73,17300,2
38.58,94.72,19800,2
17.1,80.4,4900,0
29.16,88.44,12400,1
44.205,98.47,14700,2
32.28,90.52,10400,1
22.05,83.7,1500,0
19.155,81.77,400,0
21.735,83.49,8500,0
19.02,81.68,8600,0
44.58,98.72,17200,2
30.78,89.52,11800,1
43.2,97.8,15100,2
19.215,81.81,800,0
40.38,95.92,17600,2
36.51,93.34,13100,2
37.5,94,19700,2
39,95,15500,2
33.825,91.55,10100,1
22.575,84.05,5000,1
18.345,81.23,4100,0
27.375,87.25,600,1
29.28,88.52,9400,1
20.415,82.61,8800,0
20.73,82.82,1800,0
31.95,90.3,12000,1
43.29,97.86,15700,2
39.03,95.02,15700,2
25.245,85.83,4600,1
26.04,86.36,800,1
38.73,94.82,13700,2
28.245,87.83,6400,1
21.09,83.06,4200,0
15.09,79.06,600,0
35.205,92.47,18600,2
25.635,86.09,7200,1
32.775,90.85,9900,1
40.185,95.79,16300,2
38.925,94.95,15000,2
24.03,85.02,5600,1
33.24,91.16,9200,1
44.085,98.39,13900,2
20.235,82.49,7600,0
40.05,95.7,15400,2
38.04,94.36,16200,2
31.92,90.28,11800,1
15.135,79.09,900,0
31.635,90.09,9900,1
35.265,92.51,19000,2
23.7,84.8,3400,1
29.82,88.88,9200,1
26.325,86.55,2700,1
38.88,94.92,14700,2
39.24,95.16,17100,2
40.155,95.77,16100,2
17.025,80.35,4400,0
19.05,81.7,8800,0
43.11,97.74,14500,2
18.435,81.29,4700,0
16.665,80.11,2000,0
34.935,92.29,16800,2
20.625,82.75,1100,0
36.03,93.02,17000,2
32.805,90.87,10100,1
23.85,84.9,4400,1
25.05,85.7,3300,1
36.54,93.36,13300,2
23.205,84.47,100,1
28.515,88.01,8200,1
34.08,91.72,11800,1
15.195,79.13,1300,0
39.585,95.39,19400,2
27.33,87.22,300,1
23.67,84.78,3200,1
25.215,85.81,4400,1
16.185,79.79,7900,0
19.365,81.91,1800,0
44.13,98.42,14200,2
34.125,91.75,12100,1
27.9,87.6,4100,1
41.49,96.66,17900,2
17.055,80.37,4600,0
28.665,88.11,9100,1
26.55,86.7,4200,1
26.025,86.35,700,1
35.625,92.75,14300,2
18.315,81.21,3900,0
37.8,94.2,14600,2
18.9,81.6,7800,0
36.72,93.48,14500,2
18.795,81.53,7100,0
40.92,96.28,14100,2
20.805,82.87,2300,0
31.26,89.84,11200,1
32.385,90.59,11100,1
31.56,90.04,9400,1
38.25,94.5,17600,2
38.22,94.48,17400,2
36.075,93.05,17300,2
40.095,95.73,15700,2
24.795,85.53,1600,1
41.385,96.59,17200,2
25.56,86.04,6700,1
35.46,92.64,13200,2
20.31,82.54,8100,0
25.545,86.03,6600,1
44.145,98.43,14300,2
30.63,89.42,10800,1
18.285,81.19,3700,0
38.97,94.98,15300,2
21.21,83.14,5000,0
19.305,81.87,1400,0
22.41,83.94,3900,0
22.74,84.16,6100,1
19.68,82.12,3900,0
44.19,98.46,14600,2
21.36,83.24,6000,0
30.51,89.34,10000,1
38.55,94.7,19600,2
27.435,87.29,1000,1
27.42,87.28,900,1
40.425,95.95,17900,2
32.175,90.45,9700,1
20.685,82.79,1500,0
42.525,97.35,17700,2
19.845,82.23,5000,0
27.6,87.4,2100,1
40.605,96.07,19100,2
15.405,79.27,2700,0
30.75,89.5,11600,1
33.525,91.35,11100,1
30.825,89.55,12100,1
16.62,80.08,1700,0
20.895,82.93,2900,0
19.335,81.89,1600,0
28.155,87.77,5800,1
17.145,80.43,5200,0
41.61,96.74,18700,2
25.41,85.94,5700,1
22.59,84.06,5100,1
28.65,88.1,9100,1
37.305,93.87,18400,2
21.84,83.56,100,0
23.025,84.35,8000,1
19.125,81.75,200,0
31.815,90.21,11100,1
37.935,94.29,15500,2
34.215,91.81,12700,1
30.735,89.49,11500,1
17.445,80.63,7200,0
32.4,90.6,11200,1
31.8,90.2,11000,1
41.175,96.45,15800,2
24.48,85.32,8600,1
20.79,82.86,2200,0
21.69,83.46,8200,0
42.825,97.55,19700,2
30.27,89.18,12200,1
34.74,92.16,15500,2
22.95,84.3,7500,1
24.465,85.31,8500,1
41.415,96.61,17400,2
17.985,80.99,1700,0
29.085,88.39,11900,1
42.57,97.38,18000,2
41.565,96.71,18400,2
27.27,87.18,9000,1
36.165,93.11,17900,2
24.69,85.46,900,1
23.97,84.98,5200,1
33.855,91.57,10300,1
31.17,89.78,10600,1
37.425,93.95,19200,2
41.22,96.48,16100,2
29.925,88.95,9900,1
43.89,98.26,19700,2
33.765,91.51,12700,1
28.26,87.84,6500,1
19.065,81.71,8900,0
31.275,89.85,11300,1
44.7,98.8,18000,2
42.69,97.46,18800,2
17.295,80.53,6200,0
20.355,82.57,8400,0
41.025,96.35,14800,2
32.745,90.83,9700,1
24.6,85.4,300,1
26.235,86.49,2100,1
32.925,90.95,10900,1
24.78,85.52,1500,1
44.535,98.69,16900,2
24.255,85.17,7100,1
38.43,94.62,18800,2
33.045,91.03,11700,1
19.725,82.15,4200,0
38.175,94.45,17100,2
40.56,96.04,18800,2
22.845,84.23,6800,1
34.83,92.22,16100,2
39.15,95.1,16500,2
30.765,89.51,11700,1
41.31,96.54,16700,2
25.8,86.2,8300,1
41.835,96.89,13100,2
16.455,79.97,600,0
42.51,97.34,17600,2
23.865,84.91,4500,1
29.325,88.55,9700,1
20.535,82.69,500,0
44.16,98.44,14400,2
44.49,98.66,16600,2
29.22,88.48,12800,1
18.99,81.66,8400,0
31.62,90.08,9800,1
19.77,82.18,4500,0
20.76,82.84,2000,0
27.675,87.45,2600,1
30.54,89.36,10200,1
39.885,95.59,14300,2
32.43,90.62,11400,1
20.55,82.7,600,0
44.775,98.85,18500,2
22.8,84.2,6500,1
38.895,94.93,14800,2
35.925,92.95,16300,2
32.145,90.43,9500,1
34.875,92.25,16400,2
41.055,96.37,15000,2
27.735,87.49,3000,1
29.37,88.58,10000,1
22.08,83.72,1700,0
37.665,94.11,13700,2
35.865,92.91,15900,2
15.915,79.61,6100,0
26.31,86.54,2600,1
31.29,89.86,11400,1
33.705,91.47,12300,1
39.105,95.07,16200,2
26.535,86.69,4100,1
22.995,84.33,7800,1
43.47,97.98,16900,2
18,81,1800,0
25.77,86.18,8100,1
44.07,98.38,13800,2
40.065,95.71,15500,2
16.95,80.3,3900,0
20.25,82.5,7700,0
39.795,95.53,13700,2
39.75,95.5,13400,2
42.24,97.16,15800,2
37.53,94.02,19900,2
40.77,96.18,13100,2
35.01,92.34,17300,2
24.915,85.61,2400,1
26.67,86.78,5000,1
18.75,81.5,6800,0
21.57,83.38,7400,0
38.46,94.64,19000,2
38.31,94.54,18000,2
39.9,95.6,14400,2
29.79,88.86,12800,1
34.185,91.79,12500,1
16.59,80.06,1500,0
39.345,95.23,17800,2
28.095,87.73,5400,1
43.605,98.07,17800,2
30.9,89.6,12600,1
31.44,89.96,12400,1
18.105,81.07,2500,0
30.24,89.16,12000,1
20.655,82.77,1300,0
18.555,81.37,5500,0
24.96,85.64,2700,1
42.885,97.59,13000,2
19.575,82.05,3200,0
44.97,98.98,19800,2
27.225,87.15,8700,1
32.19,90.46,9800,1
28.23,87.82,6300,1
27.54,87.36,1700,1
30.195,89.13,11700,1
39.87,95.58,14200,2
42.84,97.56,19800,2
28.35,87.9,7100,1
16.47,79.98,700,0
37.335,93.89,18600,2
41.625,96.75,18800,2
22.83,84.22,6700,1
44.925,98.95,19500,2
35.145,92.43,18200,2
15.255,79.17,1700,0
22.425,83.95,4000,0
23.295,84.53,700,1
24.675,85.45,800,1
17.64,80.76,8500,0
18.405,81.27,4500,0
36.66,93.44,14100,2
36.06,93.04,17200,2
23.43,84.62,1600,1
28.44,87.96,7700,1
15.765,79.51,5100,0
23.625,84.75,2900,1
33.6,91.4,11600,1
37.095,93.73,17000,2
37.68,94.12,13800,2
19.41,81.94,2100,0
26.205,86.47,1900,1
36.81,93.54,15100,2
35.97,92.98,16600,2
25.515,86.01,6400,1
24.9,85.6,2300,1
43.41,97.94,16500,2
25.005,85.67,3000,1
30.405,89.27,9300,1
34.755,92.17,15600,2
16.05,79.7,7000,0
40.785,96.19,13200,2
19.95,82.3,5700,0
21.855,83.57,200,0
17.34,80.56,6500,0
16.11,79.74,7400,0
26.895,86.93,6500,1
16.905,80.27,3600,0
25.83,86.22,8500,1
15.645,79.43,4300,0
23.19,84.46,0,1
40.725,96.15,19900,2
31.215,89.81,10900,1
24.735,85.49,1200,1
21.81,83.54,9000,0
28.92,88.28,10800,1
21.78,83.52,8800,0
42,97,14200,2
38.4,94.6,18600,2
15.375,79.25,2500,0
34.68,92.12,15100,2
24.615,85.41,400,1
24.555,85.37,0,1
36.465,93.31,19900,2
34.395,91.93,13200,2
22.92,84.28,7300,1
19.755,82.17,4400,0
28.62,88.08,8900,1
30.39,89.26,9200,1
42.465,97.31,17300,2
29.88,88.92,9600,1
20.265,82.51,7800,0
17.37,80.58,6700,0
31.71,90.14,10400,1
15.015,79.01,100,0
33.435,91.29,10500,1
27.075,87.05,7700,1
41.67,96.78,19100,2
16.08,79.72,7200,0
19.35,81.9,1700,0
27.465,87.31,1200,1
32.91,90.94,10800,1
15.105,79.07,700,0
21.51,83.34,7000,0
21.915,83.61,600,0
21.195,83.13,4900,0
20.865,82.91,2700,0
36.765,93.51,14800,2
21.6,83.4,7600,0
18.21,81.14,3200,0
30.45,89.3,9600,1
42.615,97.41,18300,2
18.96,81.64,8200,0
36.615,93.41,13800,2
29.535,88.69,11100,1
30.435,89.29,9500,1
37.2,93.8,17700,2
39.33,95.22,17700,2
26.055,86.37,900,1
31.515,90.01,12900,1
39.66,95.44,19900,2
17.235,80.49,5800,0
15.24,79.16,1600,0
37.245,93.83,18000,2
18.855,81.57,7500,0
36.885,93.59,15600,2
27.345,87.23,400,1
15.75,79.5,5000,0
35.79,92.86,15400,2
35.115,92.41,18000,2
20.49,82.66,200,0
17.04,80.36,4500,0
33.495,91.33,10900,1
23.835,84.89,4300,1
19.005,81.67,8500,0
33.105,91.07,12100,1
43.17,97.78,14900,2
26.475,86.65,3700,1
37.08,93.72,16900,2
23.22,84.48,200,1
43.005,97.67,13800,2
36.75,93.5,14700,2
40.23,95.82,16600,2
19.785,82.19,4600,0
24.51,85.34,8800,1
27.165,87.11,8300,1
19.935,82.29,5600,0
33.255,91.17,9300,1
42.72,97.48,19000,2
25.065,85.71,3400,1
41.97,96.98,14000,2
16.725,80.15,2400,0
20.445,82.63,9000,0
34.47,91.98,13700,2
26.46,86.64,3600,1
38.295,94.53,17900,2
25.155,85.77,4000,1
28.32,87.88,6900,1
42.15,97.1,15200,2
15.18,79.12,1200,0
41.475,96.65,17800,2
21.72,83.48,8400,0
43.74,98.16,18700,2
42.87,97.58,20000,2
37.215,93.81,17800,2
35.7,92.8,14800,2
28.77,88.18,9800,1
34.035,91.69,11500,1
43.035,97.69,14000,2
44.73,98.82,18200,2
33.21,91.14,12800,1
41.445,96.63,17600,2
26.685,86.79,5100,1
24.225,85.15,6900,1
27.12,87.08,8000,1
32.01,90.34,12400,1
37.875,94.25,15100,2
41.4,96.6,17300,2
21.96,83.64,900,0
40.86,96.24,13700,2
18.075,81.05,2300,0
37.005,93.67,16400,2
36.15,93.1,17800,2
32.73,90.82,9600,1
15.675,79.45,4500,0
40.83,96.22,13500,2
18.69,81.46,6400,0
25.305,85.87,5000,1
